{
    "source": "./src",
    "includes": [
        "^main/platform/browser/Nimiq.js$",
        "^main/generic/"
    ],
    "destination": "./dist/doc",
    "plugins": [
        {
            "name": "esdoc-lint-plugin"
        },
        {
            "name": "esdoc-coverage-plugin"
        },
        {
            "name": "esdoc-accessor-plugin",
            "option": {
                "access": [
                    "public",
                    "protected"
                ],
                "autoPrivate": true
            }
        },
        {
            "name": "esdoc-type-inference-plugin"
        },
        {
            "name": "esdoc-undocumented-identifier-plugin"
        },
        {
            "name": "esdoc-unexported-identifier-plugin",
            "option": {
                "enable": true
            }
        },
        {
            "name": "esdoc-publish-html-plugin"
        },
        {
            "name": "esdoc-integrate-test-plugin",
            "option": {
                "source": "./src/test/"
            }
        }
    ]
}
