<?xml version="1.0" encoding="UTF-8"?>
<!--
  CLRadeonExtender - Unofficial OpenCL Radeon Extensions Library
  Copyright (C) 2014-2018 Mateusz Szpakowski

  This library is free software; you can redistribute it and/or
  modify it under the terms of the GNU Lesser General Public
  License as published by the Free Software Foundation; either
  version 2.1 of the License, or (at your option) any later version.

  This library is distributed in the hope that it will be useful,
  but WITHOUT ANY WARRANTY; without even the implied warranty of
  MERCHANTABILITY or FITNESS FOR A PARTICULAR PURPOSE.  See the GNU
  Lesser General Public License for more details.

  You should have received a copy of the GNU Lesser General Public
  License along with this library; if not, write to the Free Software
  Foundation, Inc., 51 Franklin Street, Fifth Floor, Boston, MA  02110-1301  USA

 Language: CLRadeonExtender
 Maintainer: Mateusz Szpakowski <matszpk@interia.pl>
 -->
<!DOCTYPE language SYSTEM "language.dtd">

<language name="CLRadeonExtender" section="Assembler" version="1.01" kateversion="2.4"
          extensions="*.clrx;*.inc;*.asm;*.gcn"
          author="Mateusz Szpakowski(matszpk@interia.pl)" license="LGPL">
    <highlighting>
        <list name="Vector Registers">
            <item>v0</item>
            <item>v1</item>
            <item>v2</item>
            <item>v3</item>
            <item>v4</item>
            <item>v5</item>
            <item>v6</item>
            <item>v7</item>
            <item>v8</item>
            <item>v9</item>
            <item>v10</item>
            <item>v11</item>
            <item>v12</item>
            <item>v13</item>
            <item>v14</item>
            <item>v15</item>
            <item>v16</item>
            <item>v17</item>
            <item>v18</item>
            <item>v19</item>
            <item>v20</item>
            <item>v21</item>
            <item>v22</item>
            <item>v23</item>
            <item>v24</item>
            <item>v25</item>
            <item>v26</item>
            <item>v27</item>
            <item>v28</item>
            <item>v29</item>
            <item>v30</item>
            <item>v31</item>
            <item>v32</item>
            <item>v33</item>
            <item>v34</item>
            <item>v35</item>
            <item>v36</item>
            <item>v37</item>
            <item>v38</item>
            <item>v39</item>
            <item>v40</item>
            <item>v41</item>
            <item>v42</item>
            <item>v43</item>
            <item>v44</item>
            <item>v45</item>
            <item>v46</item>
            <item>v47</item>
            <item>v48</item>
            <item>v49</item>
            <item>v50</item>
            <item>v51</item>
            <item>v52</item>
            <item>v53</item>
            <item>v54</item>
            <item>v55</item>
            <item>v56</item>
            <item>v57</item>
            <item>v58</item>
            <item>v59</item>
            <item>v60</item>
            <item>v61</item>
            <item>v62</item>
            <item>v63</item>
            <item>v64</item>
            <item>v65</item>
            <item>v66</item>
            <item>v67</item>
            <item>v68</item>
            <item>v69</item>
            <item>v70</item>
            <item>v71</item>
            <item>v72</item>
            <item>v73</item>
            <item>v74</item>
            <item>v75</item>
            <item>v76</item>
            <item>v77</item>
            <item>v78</item>
            <item>v79</item>
            <item>v80</item>
            <item>v81</item>
            <item>v82</item>
            <item>v83</item>
            <item>v84</item>
            <item>v85</item>
            <item>v86</item>
            <item>v87</item>
            <item>v88</item>
            <item>v89</item>
            <item>v90</item>
            <item>v91</item>
            <item>v92</item>
            <item>v93</item>
            <item>v94</item>
            <item>v95</item>
            <item>v96</item>
            <item>v97</item>
            <item>v98</item>
            <item>v99</item>
            <item>v100</item>
            <item>v101</item>
            <item>v102</item>
            <item>v103</item>
            <item>v104</item>
            <item>v105</item>
            <item>v106</item>
            <item>v107</item>
            <item>v108</item>
            <item>v109</item>
            <item>v110</item>
            <item>v111</item>
            <item>v112</item>
            <item>v113</item>
            <item>v114</item>
            <item>v115</item>
            <item>v116</item>
            <item>v117</item>
            <item>v118</item>
            <item>v119</item>
            <item>v120</item>
            <item>v121</item>
            <item>v122</item>
            <item>v123</item>
            <item>v124</item>
            <item>v125</item>
            <item>v126</item>
            <item>v127</item>
            <item>v128</item>
            <item>v129</item>
            <item>v130</item>
            <item>v131</item>
            <item>v132</item>
            <item>v133</item>
            <item>v134</item>
            <item>v135</item>
            <item>v136</item>
            <item>v137</item>
            <item>v138</item>
            <item>v139</item>
            <item>v140</item>
            <item>v141</item>
            <item>v142</item>
            <item>v143</item>
            <item>v144</item>
            <item>v145</item>
            <item>v146</item>
            <item>v147</item>
            <item>v148</item>
            <item>v149</item>
            <item>v150</item>
            <item>v151</item>
            <item>v152</item>
            <item>v153</item>
            <item>v154</item>
            <item>v155</item>
            <item>v156</item>
            <item>v157</item>
            <item>v158</item>
            <item>v159</item>
            <item>v160</item>
            <item>v161</item>
            <item>v162</item>
            <item>v163</item>
            <item>v164</item>
            <item>v165</item>
            <item>v166</item>
            <item>v167</item>
            <item>v168</item>
            <item>v169</item>
            <item>v170</item>
            <item>v171</item>
            <item>v172</item>
            <item>v173</item>
            <item>v174</item>
            <item>v175</item>
            <item>v176</item>
            <item>v177</item>
            <item>v178</item>
            <item>v179</item>
            <item>v180</item>
            <item>v181</item>
            <item>v182</item>
            <item>v183</item>
            <item>v184</item>
            <item>v185</item>
            <item>v186</item>
            <item>v187</item>
            <item>v188</item>
            <item>v189</item>
            <item>v190</item>
            <item>v191</item>
            <item>v192</item>
            <item>v193</item>
            <item>v194</item>
            <item>v195</item>
            <item>v196</item>
            <item>v197</item>
            <item>v198</item>
            <item>v199</item>
            <item>v200</item>
            <item>v201</item>
            <item>v202</item>
            <item>v203</item>
            <item>v204</item>
            <item>v205</item>
            <item>v206</item>
            <item>v207</item>
            <item>v208</item>
            <item>v209</item>
            <item>v210</item>
            <item>v211</item>
            <item>v212</item>
            <item>v213</item>
            <item>v214</item>
            <item>v215</item>
            <item>v216</item>
            <item>v217</item>
            <item>v218</item>
            <item>v219</item>
            <item>v220</item>
            <item>v221</item>
            <item>v222</item>
            <item>v223</item>
            <item>v224</item>
            <item>v225</item>
            <item>v226</item>
            <item>v227</item>
            <item>v228</item>
            <item>v229</item>
            <item>v230</item>
            <item>v231</item>
            <item>v232</item>
            <item>v233</item>
            <item>v234</item>
            <item>v235</item>
            <item>v236</item>
            <item>v237</item>
            <item>v238</item>
            <item>v239</item>
            <item>v240</item>
            <item>v241</item>
            <item>v242</item>
            <item>v243</item>
            <item>v244</item>
            <item>v245</item>
            <item>v246</item>
            <item>v247</item>
            <item>v248</item>
            <item>v249</item>
            <item>v250</item>
            <item>v251</item>
            <item>v252</item>
            <item>v253</item>
            <item>v254</item>
            <item>v255</item>
        </list>
        <list name="Scalar Registers">
            <item>s0</item>
            <item>s1</item>
            <item>s2</item>
            <item>s3</item>
            <item>s4</item>
            <item>s5</item>
            <item>s6</item>
            <item>s7</item>
            <item>s8</item>
            <item>s9</item>
            <item>s10</item>
            <item>s11</item>
            <item>s12</item>
            <item>s13</item>
            <item>s14</item>
            <item>s15</item>
            <item>s16</item>
            <item>s17</item>
            <item>s18</item>
            <item>s19</item>
            <item>s20</item>
            <item>s21</item>
            <item>s22</item>
            <item>s23</item>
            <item>s24</item>
            <item>s25</item>
            <item>s26</item>
            <item>s27</item>
            <item>s28</item>
            <item>s29</item>
            <item>s30</item>
            <item>s31</item>
            <item>s32</item>
            <item>s33</item>
            <item>s34</item>
            <item>s35</item>
            <item>s36</item>
            <item>s37</item>
            <item>s38</item>
            <item>s39</item>
            <item>s40</item>
            <item>s41</item>
            <item>s42</item>
            <item>s43</item>
            <item>s44</item>
            <item>s45</item>
            <item>s46</item>
            <item>s47</item>
            <item>s48</item>
            <item>s49</item>
            <item>s50</item>
            <item>s51</item>
            <item>s52</item>
            <item>s53</item>
            <item>s54</item>
            <item>s55</item>
            <item>s56</item>
            <item>s57</item>
            <item>s58</item>
            <item>s59</item>
            <item>s60</item>
            <item>s61</item>
            <item>s62</item>
            <item>s63</item>
            <item>s64</item>
            <item>s65</item>
            <item>s66</item>
            <item>s67</item>
            <item>s68</item>
            <item>s69</item>
            <item>s70</item>
            <item>s71</item>
            <item>s72</item>
            <item>s73</item>
            <item>s74</item>
            <item>s75</item>
            <item>s76</item>
            <item>s77</item>
            <item>s78</item>
            <item>s79</item>
            <item>s80</item>
            <item>s81</item>
            <item>s82</item>
            <item>s83</item>
            <item>s84</item>
            <item>s85</item>
            <item>s86</item>
            <item>s87</item>
            <item>s88</item>
            <item>s89</item>
            <item>s90</item>
            <item>s91</item>
            <item>s92</item>
            <item>s93</item>
            <item>s94</item>
            <item>s95</item>
            <item>s96</item>
            <item>s97</item>
            <item>s98</item>
            <item>s99</item>
            <item>s100</item>
            <item>s101</item>
            <item>s102</item>
            <item>s103</item>
        </list>
        <list name="Special Registers">
            <item>vcc</item>
            <item>vcc_lo</item>
            <item>vcc_hi</item>
            <item>exec</item>
            <item>exec_lo</item>
            <item>exec_hi</item>
            <item>m0</item>
            <item>flat_scratch</item>
            <item>flat_scratch_lo</item>
            <item>flat_scratch_hi</item>
            <item>xnack_mask</item>
            <item>xnack_mask_lo</item>
            <item>xnack_mask_hi</item>
            <item>tma</item>
            <item>tma_lo</item>
            <item>tma_hi</item>
            <item>tba</item>
            <item>tba_lo</item>
            <item>tba_hi</item>
            <item>ttmp0</item>
            <item>ttmp1</item>
            <item>ttmp2</item>
            <item>ttmp3</item>
            <item>ttmp4</item>
            <item>ttmp5</item>
            <item>ttmp6</item>
            <item>ttmp7</item>
            <item>ttmp8</item>
            <item>ttmp9</item>
            <item>ttmp10</item>
            <item>ttmp11</item>
            <item>scc</item>
            <item>src_scc</item>
            <item>execz</item>
            <item>src_execz</item>
            <item>vccz</item>
            <item>src_vccz</item>
            <item>shared_base</item>
            <item>src_shared_base</item>
            <item>shared_limit</item>
            <item>src_shared_limit</item>
            <item>private_base</item>
            <item>src_private_base</item>
            <item>private_limit</item>
            <item>src_private_limit</item>
            <item>pops_exiting_wave_id</item>
            <item>src_pops_exiting_wave_id</item>
        </list>
        <list name="Instructions">
            <item>buffer_atomic_add</item>
            <item>buffer_atomic_add_x2</item>
            <item>buffer_atomic_and</item>
            <item>buffer_atomic_and_x2</item>
            <item>buffer_atomic_cmpswap</item>
            <item>buffer_atomic_cmpswap_x2</item>
            <item>buffer_atomic_dec</item>
            <item>buffer_atomic_dec_x2</item>
            <item>buffer_atomic_fcmpswap</item>
            <item>buffer_atomic_fcmpswap_x2</item>
            <item>buffer_atomic_fmax</item>
            <item>buffer_atomic_fmax_x2</item>
            <item>buffer_atomic_fmin</item>
            <item>buffer_atomic_fmin_x2</item>
            <item>buffer_atomic_inc</item>
            <item>buffer_atomic_inc_x2</item>
            <item>buffer_atomic_or</item>
            <item>buffer_atomic_or_x2</item>
            <item>buffer_atomic_rsub</item>
            <item>buffer_atomic_rsub_x2</item>
            <item>buffer_atomic_smax</item>
            <item>buffer_atomic_smax_x2</item>
            <item>buffer_atomic_smin</item>
            <item>buffer_atomic_smin_x2</item>
            <item>buffer_atomic_sub</item>
            <item>buffer_atomic_sub_x2</item>
            <item>buffer_atomic_swap</item>
            <item>buffer_atomic_swap_x2</item>
            <item>buffer_atomic_umax</item>
            <item>buffer_atomic_umax_x2</item>
            <item>buffer_atomic_umin</item>
            <item>buffer_atomic_umin_x2</item>
            <item>buffer_atomic_xor</item>
            <item>buffer_atomic_xor_x2</item>
            <item>buffer_load_dword</item>
            <item>buffer_load_dwordx2</item>
            <item>buffer_load_dwordx3</item>
            <item>buffer_load_dwordx4</item>
            <item>buffer_load_format_d16_hi_x</item>
            <item>buffer_load_format_d16_x</item>
            <item>buffer_load_format_d16_xy</item>
            <item>buffer_load_format_d16_xyz</item>
            <item>buffer_load_format_d16_xyzw</item>
            <item>buffer_load_format_x</item>
            <item>buffer_load_format_xy</item>
            <item>buffer_load_format_xyz</item>
            <item>buffer_load_format_xyzw</item>
            <item>buffer_load_sbyte</item>
            <item>buffer_load_sbyte_d16</item>
            <item>buffer_load_sbyte_d16_hi</item>
            <item>buffer_load_short_d16</item>
            <item>buffer_load_short_d16_hi</item>
            <item>buffer_load_sshort</item>
            <item>buffer_load_ubyte</item>
            <item>buffer_load_ubyte_d16</item>
            <item>buffer_load_ubyte_d16_hi</item>
            <item>buffer_load_ushort</item>
            <item>buffer_store_byte</item>
            <item>buffer_store_byte_d16_hi</item>
            <item>buffer_store_dword</item>
            <item>buffer_store_dwordx2</item>
            <item>buffer_store_dwordx3</item>
            <item>buffer_store_dwordx4</item>
            <item>buffer_store_format_d16_hi_x</item>
            <item>buffer_store_format_d16_x</item>
            <item>buffer_store_format_d16_xy</item>
            <item>buffer_store_format_d16_xyz</item>
            <item>buffer_store_format_d16_xyzw</item>
            <item>buffer_store_format_x</item>
            <item>buffer_store_format_xy</item>
            <item>buffer_store_format_xyz</item>
            <item>buffer_store_format_xyzw</item>
            <item>buffer_store_lds_dword</item>
            <item>buffer_store_short</item>
            <item>buffer_store_short_d16_hi</item>
            <item>buffer_wbinvl1</item>
            <item>buffer_wbinvl1_sc</item>
            <item>buffer_wbinvl1_vol</item>
            <item>ds_add_f32</item>
            <item>ds_add_rtn_f32</item>
            <item>ds_add_rtn_u32</item>
            <item>ds_add_rtn_u64</item>
            <item>ds_add_src2_f32</item>
            <item>ds_add_src2_u32</item>
            <item>ds_add_src2_u64</item>
            <item>ds_add_u32</item>
            <item>ds_add_u64</item>
            <item>ds_and_b32</item>
            <item>ds_and_b64</item>
            <item>ds_and_rtn_b32</item>
            <item>ds_and_rtn_b64</item>
            <item>ds_and_src2_b32</item>
            <item>ds_and_src2_b64</item>
            <item>ds_append</item>
            <item>ds_bpermute_b32</item>
            <item>ds_cmpst_b32</item>
            <item>ds_cmpst_b64</item>
            <item>ds_cmpst_f32</item>
            <item>ds_cmpst_f64</item>
            <item>ds_cmpst_rtn_b32</item>
            <item>ds_cmpst_rtn_b64</item>
            <item>ds_cmpst_rtn_f32</item>
            <item>ds_cmpst_rtn_f64</item>
            <item>ds_condxchg32_rtn_b128</item>
            <item>ds_condxchg32_rtn_b64</item>
            <item>ds_consume</item>
            <item>ds_dec_rtn_u32</item>
            <item>ds_dec_rtn_u64</item>
            <item>ds_dec_src2_u32</item>
            <item>ds_dec_src2_u64</item>
            <item>ds_dec_u32</item>
            <item>ds_dec_u64</item>
            <item>ds_gws_barrier</item>
            <item>ds_gws_init</item>
            <item>ds_gws_sema_br</item>
            <item>ds_gws_sema_p</item>
            <item>ds_gws_sema_release_all</item>
            <item>ds_gws_sema_v</item>
            <item>ds_inc_rtn_u32</item>
            <item>ds_inc_rtn_u64</item>
            <item>ds_inc_src2_u32</item>
            <item>ds_inc_src2_u64</item>
            <item>ds_inc_u32</item>
            <item>ds_inc_u64</item>
            <item>ds_max_f32</item>
            <item>ds_max_f64</item>
            <item>ds_max_i32</item>
            <item>ds_max_i64</item>
            <item>ds_max_rtn_f32</item>
            <item>ds_max_rtn_f64</item>
            <item>ds_max_rtn_i32</item>
            <item>ds_max_rtn_i64</item>
            <item>ds_max_rtn_u32</item>
            <item>ds_max_rtn_u64</item>
            <item>ds_max_src2_f32</item>
            <item>ds_max_src2_f64</item>
            <item>ds_max_src2_i32</item>
            <item>ds_max_src2_i64</item>
            <item>ds_max_src2_u32</item>
            <item>ds_max_src2_u64</item>
            <item>ds_max_u32</item>
            <item>ds_max_u64</item>
            <item>ds_min_f32</item>
            <item>ds_min_f64</item>
            <item>ds_min_i32</item>
            <item>ds_min_i64</item>
            <item>ds_min_rtn_f32</item>
            <item>ds_min_rtn_f64</item>
            <item>ds_min_rtn_i32</item>
            <item>ds_min_rtn_i64</item>
            <item>ds_min_rtn_u32</item>
            <item>ds_min_rtn_u64</item>
            <item>ds_min_src2_f32</item>
            <item>ds_min_src2_f64</item>
            <item>ds_min_src2_i32</item>
            <item>ds_min_src2_i64</item>
            <item>ds_min_src2_u32</item>
            <item>ds_min_src2_u64</item>
            <item>ds_min_u32</item>
            <item>ds_min_u64</item>
            <item>ds_mskor_b32</item>
            <item>ds_mskor_b64</item>
            <item>ds_mskor_rtn_b32</item>
            <item>ds_mskor_rtn_b64</item>
            <item>ds_nop</item>
            <item>ds_or_b32</item>
            <item>ds_or_b64</item>
            <item>ds_or_rtn_b32</item>
            <item>ds_or_rtn_b64</item>
            <item>ds_or_src2_b32</item>
            <item>ds_or_src2_b64</item>
            <item>ds_ordered_count</item>
            <item>ds_permute_b32</item>
            <item>ds_read2_b32</item>
            <item>ds_read2_b64</item>
            <item>ds_read2st64_b32</item>
            <item>ds_read2st64_b64</item>
            <item>ds_read_addtid_b32</item>
            <item>ds_read_b128</item>
            <item>ds_read_b32</item>
            <item>ds_read_b64</item>
            <item>ds_read_b96</item>
            <item>ds_read_i16</item>
            <item>ds_read_i8</item>
            <item>ds_read_i8_d16</item>
            <item>ds_read_i8_d16_hi</item>
            <item>ds_read_u16</item>
            <item>ds_read_u16_d16</item>
            <item>ds_read_u16_d16_hi</item>
            <item>ds_read_u8</item>
            <item>ds_read_u8_d16</item>
            <item>ds_read_u8_d16_hi</item>
            <item>ds_rsub_rtn_u32</item>
            <item>ds_rsub_rtn_u64</item>
            <item>ds_rsub_src2_u32</item>
            <item>ds_rsub_src2_u64</item>
            <item>ds_rsub_u32</item>
            <item>ds_rsub_u64</item>
            <item>ds_sub_rtn_u32</item>
            <item>ds_sub_rtn_u64</item>
            <item>ds_sub_src2_u32</item>
            <item>ds_sub_src2_u64</item>
            <item>ds_sub_u32</item>
            <item>ds_sub_u64</item>
            <item>ds_swizzle_b32</item>
            <item>ds_wrap_rtn_b32</item>
            <item>ds_write2_b32</item>
            <item>ds_write2_b64</item>
            <item>ds_write2st64_b32</item>
            <item>ds_write2st64_b64</item>
            <item>ds_write_addtid_b32</item>
            <item>ds_write_b128</item>
            <item>ds_write_b16</item>
            <item>ds_write_b16_d16_hi</item>
            <item>ds_write_b32</item>
            <item>ds_write_b64</item>
            <item>ds_write_b8</item>
            <item>ds_write_b8_d16_hi</item>
            <item>ds_write_b96</item>
            <item>ds_write_src2_b32</item>
            <item>ds_write_src2_b64</item>
            <item>ds_wrxchg2_rtn_b32</item>
            <item>ds_wrxchg2_rtn_b64</item>
            <item>ds_wrxchg2st64_rtn_b32</item>
            <item>ds_wrxchg2st64_rtn_b64</item>
            <item>ds_wrxchg_rtn_b32</item>
            <item>ds_wrxchg_rtn_b64</item>
            <item>ds_xor_b32</item>
            <item>ds_xor_b64</item>
            <item>ds_xor_rtn_b32</item>
            <item>ds_xor_rtn_b64</item>
            <item>ds_xor_src2_b32</item>
            <item>ds_xor_src2_b64</item>
            <item>exp</item>
            <item>flat_atomic_add</item>
            <item>flat_atomic_add_x2</item>
            <item>flat_atomic_and</item>
            <item>flat_atomic_and_x2</item>
            <item>flat_atomic_cmpswap</item>
            <item>flat_atomic_cmpswap_x2</item>
            <item>flat_atomic_dec</item>
            <item>flat_atomic_dec_x2</item>
            <item>flat_atomic_fcmpswap</item>
            <item>flat_atomic_fcmpswap_x2</item>
            <item>flat_atomic_fmax</item>
            <item>flat_atomic_fmax_x2</item>
            <item>flat_atomic_fmin</item>
            <item>flat_atomic_fmin_x2</item>
            <item>flat_atomic_inc</item>
            <item>flat_atomic_inc_x2</item>
            <item>flat_atomic_or</item>
            <item>flat_atomic_or_x2</item>
            <item>flat_atomic_smax</item>
            <item>flat_atomic_smax_x2</item>
            <item>flat_atomic_smin</item>
            <item>flat_atomic_smin_x2</item>
            <item>flat_atomic_sub</item>
            <item>flat_atomic_sub_x2</item>
            <item>flat_atomic_swap</item>
            <item>flat_atomic_swap_x2</item>
            <item>flat_atomic_umax</item>
            <item>flat_atomic_umax_x2</item>
            <item>flat_atomic_umin</item>
            <item>flat_atomic_umin_x2</item>
            <item>flat_atomic_xor</item>
            <item>flat_atomic_xor_x2</item>
            <item>flat_load_dword</item>
            <item>flat_load_dwordx2</item>
            <item>flat_load_dwordx3</item>
            <item>flat_load_dwordx4</item>
            <item>flat_load_sbyte</item>
            <item>flat_load_sbyte_d16</item>
            <item>flat_load_sbyte_d16_hi</item>
            <item>flat_load_short_d16</item>
            <item>flat_load_short_d16_hi</item>
            <item>flat_load_sshort</item>
            <item>flat_load_ubyte</item>
            <item>flat_load_ubyte_d16</item>
            <item>flat_load_ubyte_d16_hi</item>
            <item>flat_load_ushort</item>
            <item>flat_store_byte</item>
            <item>flat_store_byte_d16_hi</item>
            <item>flat_store_dword</item>
            <item>flat_store_dwordx2</item>
            <item>flat_store_dwordx3</item>
            <item>flat_store_dwordx4</item>
            <item>flat_store_short</item>
            <item>flat_store_short_d16_hi</item>
            <item>global_atomic_add</item>
            <item>global_atomic_add_x2</item>
            <item>global_atomic_and</item>
            <item>global_atomic_and_x2</item>
            <item>global_atomic_cmpswap</item>
            <item>global_atomic_cmpswap_x2</item>
            <item>global_atomic_dec</item>
            <item>global_atomic_dec_x2</item>
            <item>global_atomic_inc</item>
            <item>global_atomic_inc_x2</item>
            <item>global_atomic_or</item>
            <item>global_atomic_or_x2</item>
            <item>global_atomic_smax</item>
            <item>global_atomic_smax_x2</item>
            <item>global_atomic_smin</item>
            <item>global_atomic_smin_x2</item>
            <item>global_atomic_sub</item>
            <item>global_atomic_sub_x2</item>
            <item>global_atomic_swap</item>
            <item>global_atomic_swap_x2</item>
            <item>global_atomic_umax</item>
            <item>global_atomic_umax_x2</item>
            <item>global_atomic_umin</item>
            <item>global_atomic_umin_x2</item>
            <item>global_atomic_xor</item>
            <item>global_atomic_xor_x2</item>
            <item>global_load_dword</item>
            <item>global_load_dwordx2</item>
            <item>global_load_dwordx3</item>
            <item>global_load_dwordx4</item>
            <item>global_load_sbyte</item>
            <item>global_load_sbyte_d16</item>
            <item>global_load_sbyte_d16_hi</item>
            <item>global_load_short_d16</item>
            <item>global_load_short_d16_hi</item>
            <item>global_load_sshort</item>
            <item>global_load_ubyte</item>
            <item>global_load_ubyte_d16</item>
            <item>global_load_ubyte_d16_hi</item>
            <item>global_load_ushort</item>
            <item>global_store_byte</item>
            <item>global_store_byte_d16_hi</item>
            <item>global_store_dword</item>
            <item>global_store_dwordx2</item>
            <item>global_store_dwordx3</item>
            <item>global_store_dwordx4</item>
            <item>global_store_short</item>
            <item>global_store_short_d16_hi</item>
            <item>image_atomic_add</item>
            <item>image_atomic_and</item>
            <item>image_atomic_cmpswap</item>
            <item>image_atomic_dec</item>
            <item>image_atomic_fcmpswap</item>
            <item>image_atomic_fmax</item>
            <item>image_atomic_fmin</item>
            <item>image_atomic_inc</item>
            <item>image_atomic_or</item>
            <item>image_atomic_rsub</item>
            <item>image_atomic_smax</item>
            <item>image_atomic_smin</item>
            <item>image_atomic_sub</item>
            <item>image_atomic_swap</item>
            <item>image_atomic_umax</item>
            <item>image_atomic_umin</item>
            <item>image_atomic_xor</item>
            <item>image_gather4</item>
            <item>image_gather4_b</item>
            <item>image_gather4_b_cl</item>
            <item>image_gather4_b_cl_o</item>
            <item>image_gather4_b_o</item>
            <item>image_gather4_c</item>
            <item>image_gather4_c_b</item>
            <item>image_gather4_c_b_cl</item>
            <item>image_gather4_c_b_cl_o</item>
            <item>image_gather4_c_b_o</item>
            <item>image_gather4_c_cl</item>
            <item>image_gather4_c_cl_o</item>
            <item>image_gather4_c_l</item>
            <item>image_gather4_c_l_o</item>
            <item>image_gather4_c_lz</item>
            <item>image_gather4_c_lz_o</item>
            <item>image_gather4_c_o</item>
            <item>image_gather4_cl</item>
            <item>image_gather4_cl_o</item>
            <item>image_gather4_l</item>
            <item>image_gather4_l_o</item>
            <item>image_gather4_lz</item>
            <item>image_gather4_lz_o</item>
            <item>image_gather4_o</item>
            <item>image_gather4h</item>
            <item>image_gather4h_pck</item>
            <item>image_gather8h_pck</item>
            <item>image_get_lod</item>
            <item>image_get_resinfo</item>
            <item>image_load</item>
            <item>image_load_mip</item>
            <item>image_load_mip_pck</item>
            <item>image_load_mip_pck_sgn</item>
            <item>image_load_pck</item>
            <item>image_load_pck_sgn</item>
            <item>image_sample</item>
            <item>image_sample_b</item>
            <item>image_sample_b_cl</item>
            <item>image_sample_b_cl_o</item>
            <item>image_sample_b_o</item>
            <item>image_sample_c</item>
            <item>image_sample_c_b</item>
            <item>image_sample_c_b_cl</item>
            <item>image_sample_c_b_cl_o</item>
            <item>image_sample_c_b_o</item>
            <item>image_sample_c_cd</item>
            <item>image_sample_c_cd_cl</item>
            <item>image_sample_c_cd_cl_o</item>
            <item>image_sample_c_cd_o</item>
            <item>image_sample_c_cl</item>
            <item>image_sample_c_cl_o</item>
            <item>image_sample_c_d</item>
            <item>image_sample_c_d_cl</item>
            <item>image_sample_c_d_cl_o</item>
            <item>image_sample_c_d_o</item>
            <item>image_sample_c_l</item>
            <item>image_sample_c_l_o</item>
            <item>image_sample_c_lz</item>
            <item>image_sample_c_lz_o</item>
            <item>image_sample_c_o</item>
            <item>image_sample_cd</item>
            <item>image_sample_cd_cl</item>
            <item>image_sample_cd_cl_o</item>
            <item>image_sample_cd_o</item>
            <item>image_sample_cl</item>
            <item>image_sample_cl_o</item>
            <item>image_sample_d</item>
            <item>image_sample_d_cl</item>
            <item>image_sample_d_cl_o</item>
            <item>image_sample_d_o</item>
            <item>image_sample_l</item>
            <item>image_sample_l_o</item>
            <item>image_sample_lz</item>
            <item>image_sample_lz_o</item>
            <item>image_sample_o</item>
            <item>image_store</item>
            <item>image_store_mip</item>
            <item>image_store_mip_pck</item>
            <item>image_store_pck</item>
            <item>s_abs_i32</item>
            <item>s_absdiff_i32</item>
            <item>s_add_i32</item>
            <item>s_add_u32</item>
            <item>s_addc_u32</item>
            <item>s_addk_i32</item>
            <item>s_and_b32</item>
            <item>s_and_b64</item>
            <item>s_and_saveexec_b64</item>
            <item>s_andn1_saveexec_b64</item>
            <item>s_andn1_wrexec_b64</item>
            <item>s_andn2_b32</item>
            <item>s_andn2_b64</item>
            <item>s_andn2_saveexec_b64</item>
            <item>s_andn2_wrexec_b64</item>
            <item>s_ashr_i32</item>
            <item>s_ashr_i64</item>
            <item>s_atc_probe</item>
            <item>s_atc_probe_buffer</item>
            <item>s_atomic_add</item>
            <item>s_atomic_add_x2</item>
            <item>s_atomic_and</item>
            <item>s_atomic_and_x2</item>
            <item>s_atomic_cmpswap</item>
            <item>s_atomic_cmpswap_x2</item>
            <item>s_atomic_dec</item>
            <item>s_atomic_dec_x2</item>
            <item>s_atomic_inc</item>
            <item>s_atomic_inc_x2</item>
            <item>s_atomic_or</item>
            <item>s_atomic_or_x2</item>
            <item>s_atomic_smax</item>
            <item>s_atomic_smax_x2</item>
            <item>s_atomic_smin</item>
            <item>s_atomic_smin_x2</item>
            <item>s_atomic_sub</item>
            <item>s_atomic_sub_x2</item>
            <item>s_atomic_swap</item>
            <item>s_atomic_swap_x2</item>
            <item>s_atomic_umax</item>
            <item>s_atomic_umax_x2</item>
            <item>s_atomic_umin</item>
            <item>s_atomic_umin_x2</item>
            <item>s_atomic_xor</item>
            <item>s_atomic_xor_x2</item>
            <item>s_barrier</item>
            <item>s_bcnt0_i32_b32</item>
            <item>s_bcnt0_i32_b64</item>
            <item>s_bcnt1_i32_b32</item>
            <item>s_bcnt1_i32_b64</item>
            <item>s_bfe_i32</item>
            <item>s_bfe_i64</item>
            <item>s_bfe_u32</item>
            <item>s_bfe_u64</item>
            <item>s_bfm_b32</item>
            <item>s_bfm_b64</item>
            <item>s_bitcmp0_b32</item>
            <item>s_bitcmp0_b64</item>
            <item>s_bitcmp1_b32</item>
            <item>s_bitcmp1_b64</item>
            <item>s_bitreplicate_b64_b32</item>
            <item>s_bitset0_b32</item>
            <item>s_bitset0_b64</item>
            <item>s_bitset1_b32</item>
            <item>s_bitset1_b64</item>
            <item>s_branch</item>
            <item>s_brev_b32</item>
            <item>s_brev_b64</item>
            <item>s_buffer_atomic_add</item>
            <item>s_buffer_atomic_add_x2</item>
            <item>s_buffer_atomic_and</item>
            <item>s_buffer_atomic_and_x2</item>
            <item>s_buffer_atomic_cmpswap</item>
            <item>s_buffer_atomic_cmpswap_x2</item>
            <item>s_buffer_atomic_dec</item>
            <item>s_buffer_atomic_dec_x2</item>
            <item>s_buffer_atomic_inc</item>
            <item>s_buffer_atomic_inc_x2</item>
            <item>s_buffer_atomic_or</item>
            <item>s_buffer_atomic_or_x2</item>
            <item>s_buffer_atomic_smax</item>
            <item>s_buffer_atomic_smax_x2</item>
            <item>s_buffer_atomic_smin</item>
            <item>s_buffer_atomic_smin_x2</item>
            <item>s_buffer_atomic_sub</item>
            <item>s_buffer_atomic_sub_x2</item>
            <item>s_buffer_atomic_swap</item>
            <item>s_buffer_atomic_swap_x2</item>
            <item>s_buffer_atomic_umax</item>
            <item>s_buffer_atomic_umax_x2</item>
            <item>s_buffer_atomic_umin</item>
            <item>s_buffer_atomic_umin_x2</item>
            <item>s_buffer_atomic_xor</item>
            <item>s_buffer_atomic_xor_x2</item>
            <item>s_buffer_load_dword</item>
            <item>s_buffer_load_dwordx16</item>
            <item>s_buffer_load_dwordx2</item>
            <item>s_buffer_load_dwordx4</item>
            <item>s_buffer_load_dwordx8</item>
            <item>s_buffer_store_dword</item>
            <item>s_buffer_store_dwordx2</item>
            <item>s_buffer_store_dwordx4</item>
            <item>s_call_b64</item>
            <item>s_cbranch_cdbgsys</item>
            <item>s_cbranch_cdbgsys_and_user</item>
            <item>s_cbranch_cdbgsys_or_user</item>
            <item>s_cbranch_cdbguser</item>
            <item>s_cbranch_execnz</item>
            <item>s_cbranch_execz</item>
            <item>s_cbranch_g_fork</item>
            <item>s_cbranch_i_fork</item>
            <item>s_cbranch_join</item>
            <item>s_cbranch_scc0</item>
            <item>s_cbranch_scc1</item>
            <item>s_cbranch_vccnz</item>
            <item>s_cbranch_vccz</item>
            <item>s_cmov_b32</item>
            <item>s_cmov_b64</item>
            <item>s_cmovk_i32</item>
            <item>s_cmp_eq_i32</item>
            <item>s_cmp_eq_u32</item>
            <item>s_cmp_eq_u64</item>
            <item>s_cmp_ge_i32</item>
            <item>s_cmp_ge_u32</item>
            <item>s_cmp_gt_i32</item>
            <item>s_cmp_gt_u32</item>
            <item>s_cmp_le_i32</item>
            <item>s_cmp_le_u32</item>
            <item>s_cmp_lg_i32</item>
            <item>s_cmp_lg_u32</item>
            <item>s_cmp_lg_u64</item>
            <item>s_cmp_lt_i32</item>
            <item>s_cmp_lt_u32</item>
            <item>s_cmp_ne_u64</item>
            <item>s_cmpk_eq_i32</item>
            <item>s_cmpk_eq_u32</item>
            <item>s_cmpk_ge_i32</item>
            <item>s_cmpk_ge_u32</item>
            <item>s_cmpk_gt_i32</item>
            <item>s_cmpk_gt_u32</item>
            <item>s_cmpk_le_i32</item>
            <item>s_cmpk_le_u32</item>
            <item>s_cmpk_lg_i32</item>
            <item>s_cmpk_lg_u32</item>
            <item>s_cmpk_lt_i32</item>
            <item>s_cmpk_lt_u32</item>
            <item>s_cselect_b32</item>
            <item>s_cselect_b64</item>
            <item>s_dcache_discard</item>
            <item>s_dcache_discard_x2</item>
            <item>s_dcache_inv</item>
            <item>s_dcache_inv_vol</item>
            <item>s_dcache_wb</item>
            <item>s_dcache_wb_vol</item>
            <item>s_decperflevel</item>
            <item>s_endpgm</item>
            <item>s_endpgm_ordered_ps_done</item>
            <item>s_endpgm_saved</item>
            <item>s_ff0_i32_b32</item>
            <item>s_ff0_i32_b64</item>
            <item>s_ff1_i32_b32</item>
            <item>s_ff1_i32_b64</item>
            <item>s_flbit_i32</item>
            <item>s_flbit_i32_b32</item>
            <item>s_flbit_i32_b64</item>
            <item>s_flbit_i32_i64</item>
            <item>s_getpc_b64</item>
            <item>s_getreg_b32</item>
            <item>s_getreg_regrd_b32</item>
            <item>s_icache_inv</item>
            <item>s_incperflevel</item>
            <item>s_load_dword</item>
            <item>s_load_dwordx16</item>
            <item>s_load_dwordx2</item>
            <item>s_load_dwordx4</item>
            <item>s_load_dwordx8</item>
            <item>s_lshl1_add_u32</item>
            <item>s_lshl2_add_u32</item>
            <item>s_lshl3_add_u32</item>
            <item>s_lshl4_add_u32</item>
            <item>s_lshl_b32</item>
            <item>s_lshl_b64</item>
            <item>s_lshr_b32</item>
            <item>s_lshr_b64</item>
            <item>s_max_i32</item>
            <item>s_max_u32</item>
            <item>s_memrealtime</item>
            <item>s_memtime</item>
            <item>s_min_i32</item>
            <item>s_min_u32</item>
            <item>s_mov_b32</item>
            <item>s_mov_b64</item>
            <item>s_mov_fed_b32</item>
            <item>s_mov_regrd_b32</item>
            <item>s_movk_i32</item>
            <item>s_movreld_b32</item>
            <item>s_movreld_b64</item>
            <item>s_movrels_b32</item>
            <item>s_movrels_b64</item>
            <item>s_mul_hi_i32</item>
            <item>s_mul_hi_u32</item>
            <item>s_mul_i32</item>
            <item>s_mulk_i32</item>
            <item>s_nand_b32</item>
            <item>s_nand_b64</item>
            <item>s_nand_saveexec_b64</item>
            <item>s_nop</item>
            <item>s_nor_b32</item>
            <item>s_nor_b64</item>
            <item>s_nor_saveexec_b64</item>
            <item>s_not_b32</item>
            <item>s_not_b64</item>
            <item>s_or_b32</item>
            <item>s_or_b64</item>
            <item>s_or_saveexec_b64</item>
            <item>s_orn1_saveexec_b64</item>
            <item>s_orn2_b32</item>
            <item>s_orn2_b64</item>
            <item>s_orn2_saveexec_b64</item>
            <item>s_pack_hh_b32_b16</item>
            <item>s_pack_lh_b32_b16</item>
            <item>s_pack_ll_b32_b16</item>
            <item>s_quadmask_b32</item>
            <item>s_quadmask_b64</item>
            <item>s_rfe_b64</item>
            <item>s_rfe_restore_b64</item>
            <item>s_scratch_load_dword</item>
            <item>s_scratch_load_dwordx2</item>
            <item>s_scratch_load_dwordx4</item>
            <item>s_scratch_store_dword</item>
            <item>s_scratch_store_dwordx2</item>
            <item>s_scratch_store_dwordx4</item>
            <item>s_sendmsg</item>
            <item>s_sendmsghalt</item>
            <item>s_set_gpr_idx_idx</item>
            <item>s_set_gpr_idx_mode</item>
            <item>s_set_gpr_idx_off</item>
            <item>s_set_gpr_idx_on</item>
            <item>s_sethalt</item>
            <item>s_setkill</item>
            <item>s_setpc_b64</item>
            <item>s_setprio</item>
            <item>s_setreg_b32</item>
            <item>s_setreg_imm32_b32</item>
            <item>s_setvskip</item>
            <item>s_sext_i32_i16</item>
            <item>s_sext_i32_i8</item>
            <item>s_sleep</item>
            <item>s_store_dword</item>
            <item>s_store_dwordx2</item>
            <item>s_store_dwordx4</item>
            <item>s_sub_i32</item>
            <item>s_sub_u32</item>
            <item>s_subb_u32</item>
            <item>s_swappc_b64</item>
            <item>s_trap</item>
            <item>s_ttracedata</item>
            <item>s_waitcnt</item>
            <item>s_wakeup</item>
            <item>s_wqm_b32</item>
            <item>s_wqm_b64</item>
            <item>s_xnor_b32</item>
            <item>s_xnor_b64</item>
            <item>s_xnor_saveexec_b64</item>
            <item>s_xor_b32</item>
            <item>s_xor_b64</item>
            <item>s_xor_saveexec_b64</item>
            <item>scratch_load_dword</item>
            <item>scratch_load_dwordx2</item>
            <item>scratch_load_dwordx3</item>
            <item>scratch_load_dwordx4</item>
            <item>scratch_load_sbyte</item>
            <item>scratch_load_sbyte_d16</item>
            <item>scratch_load_sbyte_d16_hi</item>
            <item>scratch_load_short_d16</item>
            <item>scratch_load_short_d16_hi</item>
            <item>scratch_load_sshort</item>
            <item>scratch_load_ubyte</item>
            <item>scratch_load_ubyte_d16</item>
            <item>scratch_load_ubyte_d16_hi</item>
            <item>scratch_load_ushort</item>
            <item>scratch_store_byte</item>
            <item>scratch_store_byte_d16_hi</item>
            <item>scratch_store_dword</item>
            <item>scratch_store_dwordx2</item>
            <item>scratch_store_dwordx3</item>
            <item>scratch_store_dwordx4</item>
            <item>scratch_store_short</item>
            <item>scratch_store_short_d16_hi</item>
            <item>tbuffer_load_format_d16_x</item>
            <item>tbuffer_load_format_d16_xy</item>
            <item>tbuffer_load_format_d16_xyz</item>
            <item>tbuffer_load_format_d16_xyzw</item>
            <item>tbuffer_load_format_x</item>
            <item>tbuffer_load_format_xy</item>
            <item>tbuffer_load_format_xyz</item>
            <item>tbuffer_load_format_xyzw</item>
            <item>tbuffer_store_format_d16_x</item>
            <item>tbuffer_store_format_d16_xy</item>
            <item>tbuffer_store_format_d16_xyz</item>
            <item>tbuffer_store_format_d16_xyzw</item>
            <item>tbuffer_store_format_x</item>
            <item>tbuffer_store_format_xy</item>
            <item>tbuffer_store_format_xyz</item>
            <item>tbuffer_store_format_xyzw</item>
            <item>v_add3_u32</item>
            <item>v_add_co_u32</item>
            <item>v_add_f16</item>
            <item>v_add_f32</item>
            <item>v_add_f64</item>
            <item>v_add_i16</item>
            <item>v_add_i32</item>
            <item>v_add_lshl_u32</item>
            <item>v_add_u16</item>
            <item>v_add_u32</item>
            <item>v_addc_co_u32</item>
            <item>v_addc_u32</item>
            <item>v_alignbit_b32</item>
            <item>v_alignbyte_b32</item>
            <item>v_and_b32</item>
            <item>v_and_or_b32</item>
            <item>v_ashr_i32</item>
            <item>v_ashr_i64</item>
            <item>v_ashrrev_i16</item>
            <item>v_ashrrev_i32</item>
            <item>v_ashrrev_i64</item>
            <item>v_bcnt_u32_b32</item>
            <item>v_bfe_i32</item>
            <item>v_bfe_u32</item>
            <item>v_bfi_b32</item>
            <item>v_bfm_b32</item>
            <item>v_bfrev_b32</item>
            <item>v_ceil_f16</item>
            <item>v_ceil_f32</item>
            <item>v_ceil_f64</item>
            <item>v_clrexcp</item>
            <item>v_cmp_class_f16</item>
            <item>v_cmp_class_f32</item>
            <item>v_cmp_class_f64</item>
            <item>v_cmp_eq_f16</item>
            <item>v_cmp_eq_f32</item>
            <item>v_cmp_eq_f64</item>
            <item>v_cmp_eq_i16</item>
            <item>v_cmp_eq_i32</item>
            <item>v_cmp_eq_i64</item>
            <item>v_cmp_eq_u16</item>
            <item>v_cmp_eq_u32</item>
            <item>v_cmp_eq_u64</item>
            <item>v_cmp_f_f16</item>
            <item>v_cmp_f_f32</item>
            <item>v_cmp_f_f64</item>
            <item>v_cmp_f_i16</item>
            <item>v_cmp_f_i32</item>
            <item>v_cmp_f_i64</item>
            <item>v_cmp_f_u16</item>
            <item>v_cmp_f_u32</item>
            <item>v_cmp_f_u64</item>
            <item>v_cmp_ge_f16</item>
            <item>v_cmp_ge_f32</item>
            <item>v_cmp_ge_f64</item>
            <item>v_cmp_ge_i16</item>
            <item>v_cmp_ge_i32</item>
            <item>v_cmp_ge_i64</item>
            <item>v_cmp_ge_u16</item>
            <item>v_cmp_ge_u32</item>
            <item>v_cmp_ge_u64</item>
            <item>v_cmp_gt_f16</item>
            <item>v_cmp_gt_f32</item>
            <item>v_cmp_gt_f64</item>
            <item>v_cmp_gt_i16</item>
            <item>v_cmp_gt_i32</item>
            <item>v_cmp_gt_i64</item>
            <item>v_cmp_gt_u16</item>
            <item>v_cmp_gt_u32</item>
            <item>v_cmp_gt_u64</item>
            <item>v_cmp_le_f16</item>
            <item>v_cmp_le_f32</item>
            <item>v_cmp_le_f64</item>
            <item>v_cmp_le_i16</item>
            <item>v_cmp_le_i32</item>
            <item>v_cmp_le_i64</item>
            <item>v_cmp_le_u16</item>
            <item>v_cmp_le_u32</item>
            <item>v_cmp_le_u64</item>
            <item>v_cmp_lg_f16</item>
            <item>v_cmp_lg_f32</item>
            <item>v_cmp_lg_f64</item>
            <item>v_cmp_lg_i16</item>
            <item>v_cmp_lg_i32</item>
            <item>v_cmp_lg_i64</item>
            <item>v_cmp_lg_u16</item>
            <item>v_cmp_lg_u32</item>
            <item>v_cmp_lg_u64</item>
            <item>v_cmp_lt_f16</item>
            <item>v_cmp_lt_f32</item>
            <item>v_cmp_lt_f64</item>
            <item>v_cmp_lt_i16</item>
            <item>v_cmp_lt_i32</item>
            <item>v_cmp_lt_i64</item>
            <item>v_cmp_lt_u16</item>
            <item>v_cmp_lt_u32</item>
            <item>v_cmp_lt_u64</item>
            <item>v_cmp_ne_i16</item>
            <item>v_cmp_ne_i32</item>
            <item>v_cmp_ne_i64</item>
            <item>v_cmp_ne_u16</item>
            <item>v_cmp_ne_u32</item>
            <item>v_cmp_ne_u64</item>
            <item>v_cmp_neq_f16</item>
            <item>v_cmp_neq_f32</item>
            <item>v_cmp_neq_f64</item>
            <item>v_cmp_nge_f16</item>
            <item>v_cmp_nge_f32</item>
            <item>v_cmp_nge_f64</item>
            <item>v_cmp_ngt_f16</item>
            <item>v_cmp_ngt_f32</item>
            <item>v_cmp_ngt_f64</item>
            <item>v_cmp_nle_f16</item>
            <item>v_cmp_nle_f32</item>
            <item>v_cmp_nle_f64</item>
            <item>v_cmp_nlg_f16</item>
            <item>v_cmp_nlg_f32</item>
            <item>v_cmp_nlg_f64</item>
            <item>v_cmp_nlt_f16</item>
            <item>v_cmp_nlt_f32</item>
            <item>v_cmp_nlt_f64</item>
            <item>v_cmp_o_f16</item>
            <item>v_cmp_o_f32</item>
            <item>v_cmp_o_f64</item>
            <item>v_cmp_t_f16</item>
            <item>v_cmp_t_f32</item>
            <item>v_cmp_t_f64</item>
            <item>v_cmp_t_i16</item>
            <item>v_cmp_t_i32</item>
            <item>v_cmp_t_i64</item>
            <item>v_cmp_t_u16</item>
            <item>v_cmp_t_u32</item>
            <item>v_cmp_t_u64</item>
            <item>v_cmp_tru_f16</item>
            <item>v_cmp_tru_f32</item>
            <item>v_cmp_tru_f64</item>
            <item>v_cmp_tru_i16</item>
            <item>v_cmp_tru_i32</item>
            <item>v_cmp_tru_i64</item>
            <item>v_cmp_tru_u16</item>
            <item>v_cmp_tru_u32</item>
            <item>v_cmp_tru_u64</item>
            <item>v_cmp_u_f16</item>
            <item>v_cmp_u_f32</item>
            <item>v_cmp_u_f64</item>
            <item>v_cmps_eq_f32</item>
            <item>v_cmps_eq_f64</item>
            <item>v_cmps_f_f32</item>
            <item>v_cmps_f_f64</item>
            <item>v_cmps_ge_f32</item>
            <item>v_cmps_ge_f64</item>
            <item>v_cmps_gt_f32</item>
            <item>v_cmps_gt_f64</item>
            <item>v_cmps_le_f32</item>
            <item>v_cmps_le_f64</item>
            <item>v_cmps_lg_f32</item>
            <item>v_cmps_lg_f64</item>
            <item>v_cmps_lt_f32</item>
            <item>v_cmps_lt_f64</item>
            <item>v_cmps_neq_f32</item>
            <item>v_cmps_neq_f64</item>
            <item>v_cmps_nge_f32</item>
            <item>v_cmps_nge_f64</item>
            <item>v_cmps_ngt_f32</item>
            <item>v_cmps_ngt_f64</item>
            <item>v_cmps_nle_f32</item>
            <item>v_cmps_nle_f64</item>
            <item>v_cmps_nlg_f32</item>
            <item>v_cmps_nlg_f64</item>
            <item>v_cmps_nlt_f32</item>
            <item>v_cmps_nlt_f64</item>
            <item>v_cmps_o_f32</item>
            <item>v_cmps_o_f64</item>
            <item>v_cmps_t_f32</item>
            <item>v_cmps_t_f64</item>
            <item>v_cmps_tru_f32</item>
            <item>v_cmps_tru_f64</item>
            <item>v_cmps_u_f32</item>
            <item>v_cmps_u_f64</item>
            <item>v_cmpsx_eq_f32</item>
            <item>v_cmpsx_eq_f64</item>
            <item>v_cmpsx_f_f32</item>
            <item>v_cmpsx_f_f64</item>
            <item>v_cmpsx_ge_f32</item>
            <item>v_cmpsx_ge_f64</item>
            <item>v_cmpsx_gt_f32</item>
            <item>v_cmpsx_gt_f64</item>
            <item>v_cmpsx_le_f32</item>
            <item>v_cmpsx_le_f64</item>
            <item>v_cmpsx_lg_f32</item>
            <item>v_cmpsx_lg_f64</item>
            <item>v_cmpsx_lt_f32</item>
            <item>v_cmpsx_lt_f64</item>
            <item>v_cmpsx_neq_f32</item>
            <item>v_cmpsx_neq_f64</item>
            <item>v_cmpsx_nge_f32</item>
            <item>v_cmpsx_nge_f64</item>
            <item>v_cmpsx_ngt_f32</item>
            <item>v_cmpsx_ngt_f64</item>
            <item>v_cmpsx_nle_f32</item>
            <item>v_cmpsx_nle_f64</item>
            <item>v_cmpsx_nlg_f32</item>
            <item>v_cmpsx_nlg_f64</item>
            <item>v_cmpsx_nlt_f32</item>
            <item>v_cmpsx_nlt_f64</item>
            <item>v_cmpsx_o_f32</item>
            <item>v_cmpsx_o_f64</item>
            <item>v_cmpsx_t_f32</item>
            <item>v_cmpsx_t_f64</item>
            <item>v_cmpsx_tru_f32</item>
            <item>v_cmpsx_tru_f64</item>
            <item>v_cmpsx_u_f32</item>
            <item>v_cmpsx_u_f64</item>
            <item>v_cmpx_class_f16</item>
            <item>v_cmpx_class_f32</item>
            <item>v_cmpx_class_f64</item>
            <item>v_cmpx_eq_f16</item>
            <item>v_cmpx_eq_f32</item>
            <item>v_cmpx_eq_f64</item>
            <item>v_cmpx_eq_i16</item>
            <item>v_cmpx_eq_i32</item>
            <item>v_cmpx_eq_i64</item>
            <item>v_cmpx_eq_u16</item>
            <item>v_cmpx_eq_u32</item>
            <item>v_cmpx_eq_u64</item>
            <item>v_cmpx_f_f16</item>
            <item>v_cmpx_f_f32</item>
            <item>v_cmpx_f_f64</item>
            <item>v_cmpx_f_i16</item>
            <item>v_cmpx_f_i32</item>
            <item>v_cmpx_f_i64</item>
            <item>v_cmpx_f_u16</item>
            <item>v_cmpx_f_u32</item>
            <item>v_cmpx_f_u64</item>
            <item>v_cmpx_ge_f16</item>
            <item>v_cmpx_ge_f32</item>
            <item>v_cmpx_ge_f64</item>
            <item>v_cmpx_ge_i16</item>
            <item>v_cmpx_ge_i32</item>
            <item>v_cmpx_ge_i64</item>
            <item>v_cmpx_ge_u16</item>
            <item>v_cmpx_ge_u32</item>
            <item>v_cmpx_ge_u64</item>
            <item>v_cmpx_gt_f16</item>
            <item>v_cmpx_gt_f32</item>
            <item>v_cmpx_gt_f64</item>
            <item>v_cmpx_gt_i16</item>
            <item>v_cmpx_gt_i32</item>
            <item>v_cmpx_gt_i64</item>
            <item>v_cmpx_gt_u16</item>
            <item>v_cmpx_gt_u32</item>
            <item>v_cmpx_gt_u64</item>
            <item>v_cmpx_le_f16</item>
            <item>v_cmpx_le_f32</item>
            <item>v_cmpx_le_f64</item>
            <item>v_cmpx_le_i16</item>
            <item>v_cmpx_le_i32</item>
            <item>v_cmpx_le_i64</item>
            <item>v_cmpx_le_u16</item>
            <item>v_cmpx_le_u32</item>
            <item>v_cmpx_le_u64</item>
            <item>v_cmpx_lg_f16</item>
            <item>v_cmpx_lg_f32</item>
            <item>v_cmpx_lg_f64</item>
            <item>v_cmpx_lg_i16</item>
            <item>v_cmpx_lg_i32</item>
            <item>v_cmpx_lg_i64</item>
            <item>v_cmpx_lg_u16</item>
            <item>v_cmpx_lg_u32</item>
            <item>v_cmpx_lg_u64</item>
            <item>v_cmpx_lt_f16</item>
            <item>v_cmpx_lt_f32</item>
            <item>v_cmpx_lt_f64</item>
            <item>v_cmpx_lt_i16</item>
            <item>v_cmpx_lt_i32</item>
            <item>v_cmpx_lt_i64</item>
            <item>v_cmpx_lt_u16</item>
            <item>v_cmpx_lt_u32</item>
            <item>v_cmpx_lt_u64</item>
            <item>v_cmpx_ne_i16</item>
            <item>v_cmpx_ne_i32</item>
            <item>v_cmpx_ne_i64</item>
            <item>v_cmpx_ne_u16</item>
            <item>v_cmpx_ne_u32</item>
            <item>v_cmpx_ne_u64</item>
            <item>v_cmpx_neq_f16</item>
            <item>v_cmpx_neq_f32</item>
            <item>v_cmpx_neq_f64</item>
            <item>v_cmpx_nge_f16</item>
            <item>v_cmpx_nge_f32</item>
            <item>v_cmpx_nge_f64</item>
            <item>v_cmpx_ngt_f16</item>
            <item>v_cmpx_ngt_f32</item>
            <item>v_cmpx_ngt_f64</item>
            <item>v_cmpx_nle_f16</item>
            <item>v_cmpx_nle_f32</item>
            <item>v_cmpx_nle_f64</item>
            <item>v_cmpx_nlg_f16</item>
            <item>v_cmpx_nlg_f32</item>
            <item>v_cmpx_nlg_f64</item>
            <item>v_cmpx_nlt_f16</item>
            <item>v_cmpx_nlt_f32</item>
            <item>v_cmpx_nlt_f64</item>
            <item>v_cmpx_o_f16</item>
            <item>v_cmpx_o_f32</item>
            <item>v_cmpx_o_f64</item>
            <item>v_cmpx_t_f16</item>
            <item>v_cmpx_t_f32</item>
            <item>v_cmpx_t_f64</item>
            <item>v_cmpx_t_i16</item>
            <item>v_cmpx_t_i32</item>
            <item>v_cmpx_t_i64</item>
            <item>v_cmpx_t_u16</item>
            <item>v_cmpx_t_u32</item>
            <item>v_cmpx_t_u64</item>
            <item>v_cmpx_tru_f16</item>
            <item>v_cmpx_tru_f32</item>
            <item>v_cmpx_tru_f64</item>
            <item>v_cmpx_tru_i16</item>
            <item>v_cmpx_tru_i32</item>
            <item>v_cmpx_tru_i64</item>
            <item>v_cmpx_tru_u16</item>
            <item>v_cmpx_tru_u32</item>
            <item>v_cmpx_tru_u64</item>
            <item>v_cmpx_u_f16</item>
            <item>v_cmpx_u_f32</item>
            <item>v_cmpx_u_f64</item>
            <item>v_cndmask_b32</item>
            <item>v_cos_f16</item>
            <item>v_cos_f32</item>
            <item>v_cubeid_f32</item>
            <item>v_cubema_f32</item>
            <item>v_cubesc_f32</item>
            <item>v_cubetc_f32</item>
            <item>v_cvt_f16_f32</item>
            <item>v_cvt_f16_i16</item>
            <item>v_cvt_f16_u16</item>
            <item>v_cvt_f32_f16</item>
            <item>v_cvt_f32_f64</item>
            <item>v_cvt_f32_i32</item>
            <item>v_cvt_f32_u32</item>
            <item>v_cvt_f32_ubyte0</item>
            <item>v_cvt_f32_ubyte1</item>
            <item>v_cvt_f32_ubyte2</item>
            <item>v_cvt_f32_ubyte3</item>
            <item>v_cvt_f64_f32</item>
            <item>v_cvt_f64_i32</item>
            <item>v_cvt_f64_u32</item>
            <item>v_cvt_flr_i32_f32</item>
            <item>v_cvt_i16_f16</item>
            <item>v_cvt_i32_f32</item>
            <item>v_cvt_i32_f64</item>
            <item>v_cvt_norm_i16_f16</item>
            <item>v_cvt_norm_u16_f16</item>
            <item>v_cvt_off_f32_i4</item>
            <item>v_cvt_pk_i16_i32</item>
            <item>v_cvt_pk_u16_u32</item>
            <item>v_cvt_pk_u8_f32</item>
            <item>v_cvt_pkaccum_u8_f32</item>
            <item>v_cvt_pknorm_i16_f16</item>
            <item>v_cvt_pknorm_i16_f32</item>
            <item>v_cvt_pknorm_u16_f16</item>
            <item>v_cvt_pknorm_u16_f32</item>
            <item>v_cvt_pkrtz_f16_f32</item>
            <item>v_cvt_rpi_i32_f32</item>
            <item>v_cvt_u16_f16</item>
            <item>v_cvt_u32_f32</item>
            <item>v_cvt_u32_f64</item>
            <item>v_div_fixup_f16</item>
            <item>v_div_fixup_f32</item>
            <item>v_div_fixup_f64</item>
            <item>v_div_fixup_legacy_f16</item>
            <item>v_div_fmas_f32</item>
            <item>v_div_fmas_f64</item>
            <item>v_div_scale_f32</item>
            <item>v_div_scale_f64</item>
            <item>v_dot2_f32_f16</item>
            <item>v_dot2_i32_i16</item>
            <item>v_dot2_u32_u16</item>
            <item>v_dot4_i32_i8</item>
            <item>v_dot4_u32_u8</item>
            <item>v_dot8_i32_i4</item>
            <item>v_dot8_u32_u4</item>
            <item>v_exp_f16</item>
            <item>v_exp_f32</item>
            <item>v_exp_legacy_f32</item>
            <item>v_ffbh_i32</item>
            <item>v_ffbh_u32</item>
            <item>v_ffbl_b32</item>
            <item>v_floor_f16</item>
            <item>v_floor_f32</item>
            <item>v_floor_f64</item>
            <item>v_fma_f16</item>
            <item>v_fma_f32</item>
            <item>v_fma_f64</item>
            <item>v_fma_legacy_f16</item>
            <item>v_fmac_f32</item>
            <item>v_fract_f16</item>
            <item>v_fract_f32</item>
            <item>v_fract_f64</item>
            <item>v_frexp_exp_i16_f16</item>
            <item>v_frexp_exp_i32_f32</item>
            <item>v_frexp_exp_i32_f64</item>
            <item>v_frexp_mant_f16</item>
            <item>v_frexp_mant_f32</item>
            <item>v_frexp_mant_f64</item>
            <item>v_interp_mov_f32</item>
            <item>v_interp_p1_f32</item>
            <item>v_interp_p1ll_f16</item>
            <item>v_interp_p1lv_f16</item>
            <item>v_interp_p2_f16</item>
            <item>v_interp_p2_f32</item>
            <item>v_interp_p2_legacy_f16</item>
            <item>v_ldexp_f16</item>
            <item>v_ldexp_f32</item>
            <item>v_ldexp_f64</item>
            <item>v_lerp_u8</item>
            <item>v_log_clamp_f32</item>
            <item>v_log_f16</item>
            <item>v_log_f32</item>
            <item>v_log_legacy_f32</item>
            <item>v_lshl_add_u32</item>
            <item>v_lshl_b32</item>
            <item>v_lshl_b64</item>
            <item>v_lshl_or_b32</item>
            <item>v_lshlrev_b16</item>
            <item>v_lshlrev_b32</item>
            <item>v_lshlrev_b64</item>
            <item>v_lshr_b32</item>
            <item>v_lshr_b64</item>
            <item>v_lshrrev_b16</item>
            <item>v_lshrrev_b32</item>
            <item>v_lshrrev_b64</item>
            <item>v_mac_f16</item>
            <item>v_mac_f32</item>
            <item>v_mac_legacy_f32</item>
            <item>v_mad_f16</item>
            <item>v_mad_f32</item>
            <item>v_mad_i16</item>
            <item>v_mad_i32_i16</item>
            <item>v_mad_i32_i24</item>
            <item>v_mad_i64_i32</item>
            <item>v_mad_legacy_f16</item>
            <item>v_mad_legacy_f32</item>
            <item>v_mad_legacy_i16</item>
            <item>v_mad_legacy_u16</item>
            <item>v_mad_mix_f32</item>
            <item>v_mad_mixhi_f16</item>
            <item>v_mad_mixlo_f16</item>
            <item>v_mad_u16</item>
            <item>v_mad_u32_u16</item>
            <item>v_mad_u32_u24</item>
            <item>v_mad_u64_u32</item>
            <item>v_madak_f16</item>
            <item>v_madak_f32</item>
            <item>v_madmk_f16</item>
            <item>v_madmk_f32</item>
            <item>v_max3_f16</item>
            <item>v_max3_f32</item>
            <item>v_max3_i16</item>
            <item>v_max3_i32</item>
            <item>v_max3_u16</item>
            <item>v_max3_u32</item>
            <item>v_max_f16</item>
            <item>v_max_f32</item>
            <item>v_max_f64</item>
            <item>v_max_i16</item>
            <item>v_max_i32</item>
            <item>v_max_legacy_f32</item>
            <item>v_max_u16</item>
            <item>v_max_u32</item>
            <item>v_mbcnt_hi_u32_b32</item>
            <item>v_mbcnt_lo_u32_b32</item>
            <item>v_med3_f16</item>
            <item>v_med3_f32</item>
            <item>v_med3_i16</item>
            <item>v_med3_i32</item>
            <item>v_med3_u16</item>
            <item>v_med3_u32</item>
            <item>v_min3_f16</item>
            <item>v_min3_f32</item>
            <item>v_min3_i16</item>
            <item>v_min3_i32</item>
            <item>v_min3_u16</item>
            <item>v_min3_u32</item>
            <item>v_min_f16</item>
            <item>v_min_f32</item>
            <item>v_min_f64</item>
            <item>v_min_i16</item>
            <item>v_min_i32</item>
            <item>v_min_legacy_f32</item>
            <item>v_min_u16</item>
            <item>v_min_u32</item>
            <item>v_mov_b32</item>
            <item>v_mov_fed_b32</item>
            <item>v_mov_prsv_b32</item>
            <item>v_movreld_b32</item>
            <item>v_movrels_b32</item>
            <item>v_movrelsd_b32</item>
            <item>v_mqsad_pk_u16_u8</item>
            <item>v_mqsad_u32_u8</item>
            <item>v_mqsad_u8</item>
            <item>v_msad_u8</item>
            <item>v_mul_f16</item>
            <item>v_mul_f32</item>
            <item>v_mul_f64</item>
            <item>v_mul_hi_i32</item>
            <item>v_mul_hi_i32_i24</item>
            <item>v_mul_hi_u32</item>
            <item>v_mul_hi_u32_u24</item>
            <item>v_mul_i32_i24</item>
            <item>v_mul_legacy_f32</item>
            <item>v_mul_lo_i32</item>
            <item>v_mul_lo_u16</item>
            <item>v_mul_lo_u32</item>
            <item>v_mul_u32_u24</item>
            <item>v_mullit_f32</item>
            <item>v_nop</item>
            <item>v_not_b32</item>
            <item>v_or3_b32</item>
            <item>v_or_b32</item>
            <item>v_pack_b32_f16</item>
            <item>v_perm_b32</item>
            <item>v_pk_add_f16</item>
            <item>v_pk_add_i16</item>
            <item>v_pk_add_u16</item>
            <item>v_pk_ashrrev_i16</item>
            <item>v_pk_fma_f16</item>
            <item>v_pk_lshlrev_b16</item>
            <item>v_pk_lshrrev_b16</item>
            <item>v_pk_mad_i16</item>
            <item>v_pk_mad_u16</item>
            <item>v_pk_max_f16</item>
            <item>v_pk_max_i16</item>
            <item>v_pk_max_u16</item>
            <item>v_pk_min_f16</item>
            <item>v_pk_min_i16</item>
            <item>v_pk_min_u16</item>
            <item>v_pk_mul_f16</item>
            <item>v_pk_mul_lo_u16</item>
            <item>v_pk_sub_i16</item>
            <item>v_pk_sub_u16</item>
            <item>v_qsad_pk_u16_u8</item>
            <item>v_qsad_u8</item>
            <item>v_rcp_clamp_f32</item>
            <item>v_rcp_clamp_f64</item>
            <item>v_rcp_f16</item>
            <item>v_rcp_f32</item>
            <item>v_rcp_f64</item>
            <item>v_rcp_iflag_f32</item>
            <item>v_rcp_legacy_f32</item>
            <item>v_readfirstlane_b32</item>
            <item>v_readlane_b32</item>
            <item>v_readlane_regrd_b32</item>
            <item>v_rndne_f16</item>
            <item>v_rndne_f32</item>
            <item>v_rndne_f64</item>
            <item>v_rsq_clamp_f32</item>
            <item>v_rsq_clamp_f64</item>
            <item>v_rsq_f16</item>
            <item>v_rsq_f32</item>
            <item>v_rsq_f64</item>
            <item>v_rsq_legacy_f32</item>
            <item>v_sad_hi_u8</item>
            <item>v_sad_u16</item>
            <item>v_sad_u32</item>
            <item>v_sad_u8</item>
            <item>v_sat_pk_u8_i16</item>
            <item>v_screen_partition_4se_b32</item>
            <item>v_sin_f16</item>
            <item>v_sin_f32</item>
            <item>v_sqrt_f16</item>
            <item>v_sqrt_f32</item>
            <item>v_sqrt_f64</item>
            <item>v_sub_co_u32</item>
            <item>v_sub_f16</item>
            <item>v_sub_f32</item>
            <item>v_sub_i16</item>
            <item>v_sub_i32</item>
            <item>v_sub_u16</item>
            <item>v_sub_u32</item>
            <item>v_subb_co_u32</item>
            <item>v_subb_u32</item>
            <item>v_subbrev_co_u32</item>
            <item>v_subbrev_u32</item>
            <item>v_subrev_co_u32</item>
            <item>v_subrev_f16</item>
            <item>v_subrev_f32</item>
            <item>v_subrev_i32</item>
            <item>v_subrev_u16</item>
            <item>v_subrev_u32</item>
            <item>v_swap_b32</item>
            <item>v_trig_preop_f64</item>
            <item>v_trunc_f16</item>
            <item>v_trunc_f32</item>
            <item>v_trunc_f64</item>
            <item>v_writelane_b32</item>
            <item>v_writelane_regwr_b32</item>
            <item>v_xad_u32</item>
            <item>v_xnor_b32</item>
            <item>v_xor_b32</item>
        </list>
        <list name="PseudoOps">
            <item>.32bit</item>
            <item>.64bit</item>
            <item>.abort</item>
            <item>.acl_version</item>
            <item>.align</item>
            <item>.altmacro</item>
            <item>.amd</item>
            <item>.amdcl2</item>
            <item>.arch</item>
            <item>.arch_minor</item>
            <item>.arch_stepping</item>
            <item>.arg</item>
            <item>.args</item>
            <item>.ascii</item>
            <item>.asciz</item>
            <item>.balign</item>
            <item>.balignl</item>
            <item>.balignw</item>
            <item>.boolconsts</item>
            <item>.bssdata</item>
            <item>.buggyfplit</item>
            <item>.byte</item>
            <item>.call_convention</item>
            <item>.calnote</item>
            <item>.cbid</item>
            <item>.cbmask</item>
            <item>.cf_call</item>
            <item>.cf_cjump</item>
            <item>.cf_end</item>
            <item>.cf_jump</item>
            <item>.cf_ret</item>
            <item>.cf_start</item>
            <item>.codeversion</item>
            <item>.compile_options</item>
            <item>.condout</item>
            <item>.config</item>
            <item>.constantbuffers</item>
            <item>.control_directive</item>
            <item>.cws</item>
            <item>.data</item>
            <item>.debug_private_segment_buffer_sgpr</item>
            <item>.debug_wavefront_private_segment_offset_sgpr</item>
            <item>.debugmode</item>
            <item>.default_hsa_features</item>
            <item>.dims</item>
            <item>.double</item>
            <item>.driver_info</item>
            <item>.driver_version</item>
            <item>.dx10clamp</item>
            <item>.eflags</item>
            <item>.earlyexit</item>
            <item>.else</item>
            <item>.elseif</item>
            <item>.elseif32</item>
            <item>.elseif64</item>
            <item>.elseifarch</item>
            <item>.elseifb</item>
            <item>.elseifc</item>
            <item>.elseifdef</item>
            <item>.elseifeq</item>
            <item>.elseifeqs</item>
            <item>.elseiffmt</item>
            <item>.elseifge</item>
            <item>.elseifgpu</item>
            <item>.elseifgt</item>
            <item>.elseifle</item>
            <item>.elseiflt</item>
            <item>.elseifnarch</item>
            <item>.elseifnb</item>
            <item>.elseifnc</item>
            <item>.elseifndef</item>
            <item>.elseifne</item>
            <item>.elseifnes</item>
            <item>.elseifnfmt</item>
            <item>.elseifngpu</item>
            <item>.elseifnotdef</item>
            <item>.endif</item>
            <item>.endm</item>
            <item>.endmacro</item>
            <item>.endr</item>
            <item>.endrept</item>
            <item>.ends</item>
            <item>.endscope</item>
            <item>.end</item>
            <item>.entry</item>
            <item>.enum</item>
            <item>.equ</item>
            <item>.equiv</item>
            <item>.eqv</item>
            <item>.err</item>
            <item>.error</item>
            <item>.exceptions</item>
            <item>.exitm</item>
            <item>.extern</item>
            <item>.fail</item>
            <item>.file</item>
            <item>.fill</item>
            <item>.fillq</item>
            <item>.fixed_work_group_size</item>
            <item>.fkernel</item>
            <item>.float</item>
            <item>.floatconsts</item>
            <item>.floatmode</item>
            <item>.for</item>
            <item>.format</item>
            <item>.gallium</item>
            <item>.gds_segment_size</item>
            <item>.gdssize</item>
            <item>.get_driver_version</item>
            <item>.get_llvm_version</item>
            <item>.get_arch</item>
            <item>.get_64bit</item>
            <item>.get_gpu</item>
            <item>.get_format</item>
            <item>.get_policy</item>
            <item>.global</item>
            <item>.globalbuffers</item>
            <item>.globaldata</item>
            <item>.globl</item>
            <item>.gotsym</item>
            <item>.gpu</item>
            <item>.group_segment_align</item>
            <item>.half</item>
            <item>.header</item>
            <item>.hsa_debugmode</item>
            <item>.hsa_dims</item>
            <item>.hsa_dx10clamp</item>
            <item>.hsa_exceptions</item>
            <item>.hsa_floatmode</item>
            <item>.hsa_ieeemode</item>
            <item>.hsa_localsize</item>
            <item>.hsa_pgmrsrc1</item>
            <item>.hsa_pgmrsrc2</item>
            <item>.hsa_priority</item>
            <item>.hsa_privmode</item>
            <item>.hsa_scratchbuffer</item>
            <item>.hsa_sgprsnum</item>
            <item>.hsa_tgsize</item>
            <item>.hsa_userdatanum</item>
            <item>.hsa_vgprsnum</item>
            <item>.hsaconfig</item>
            <item>.hsalayout</item>
            <item>.hwlocal</item>
            <item>.hword</item>
            <item>.hwregion</item>
            <item>.include</item>
            <item>.incbin</item>
            <item>.ieeemode</item>
            <item>.if</item>
            <item>.if32</item>
            <item>.if64</item>
            <item>.ifarch</item>
            <item>.ifb</item>
            <item>.ifc</item>
            <item>.ifdef</item>
            <item>.ifeq</item>
            <item>.ifeqs</item>
            <item>.iffmt</item>
            <item>.ifge</item>
            <item>.ifgpu</item>
            <item>.ifgt</item>
            <item>.ifle</item>
            <item>.iflt</item>
            <item>.ifnarch</item>
            <item>.ifnb</item>
            <item>.ifnc</item>
            <item>.ifndef</item>
            <item>.ifne</item>
            <item>.ifnes</item>
            <item>.ifnfmt</item>
            <item>.ifngpu</item>
            <item>.ifnotdef</item>
            <item>.inner</item>
            <item>.inputs</item>
            <item>.inputsamplers</item>
            <item>.int</item>
            <item>.intconsts</item>
            <item>.irp</item>
            <item>.irpc</item>
            <item>.isametadata</item>
            <item>.kcode</item>
            <item>.kcodeend</item>
            <item>.kernarg_segment_align</item>
            <item>.kernarg_segment_size</item>
            <item>.kernel</item>
            <item>.kernel_code_entry_offset</item>
            <item>.kernel_code_prefetch_offset</item>
            <item>.kernel_code_prefetch_size</item>
            <item>.lflags</item>
            <item>.line</item>
            <item>.llvm_version</item>
            <item>.ln</item>
            <item>.local</item>
            <item>.localsize</item>
            <item>.long</item>
            <item>.machine</item>
            <item>.macro</item>
            <item>.macrocase</item>
            <item>.main</item>
            <item>.max_flat_work_group_size</item>
            <item>.max_scratch_backing_memory</item>
            <item>.md_group_segment_fixed_size</item>
            <item>.md_kernarg_segment_align</item>
            <item>.md_kernarg_segment_size</item>
            <item>.md_language</item>
            <item>.md_private_segment_fixed_size</item>
            <item>.md_sgprsnum</item>
            <item>.md_symname</item>
            <item>.md_version</item>
            <item>.md_vgprsnum</item>
            <item>.md_wavefront_size</item>
            <item>.metadata</item>
            <item>.newbinfmt</item>
            <item>.noaltmacro</item>
            <item>.nobuggyfplit</item>
            <item>.nomacrocase</item>
            <item>.nosectdiffs</item>
            <item>.octa</item>
            <item>.offset</item>
            <item>.org</item>
            <item>.outputs</item>
            <item>.p2align</item>
            <item>.persistentbuffers</item>
            <item>.pgmrsrc1</item>
            <item>.pgmrsrc2</item>
            <item>.policy</item>
            <item>.print</item>
            <item>.printfid</item>
            <item>.priority</item>
            <item>.private_elem_size</item>
            <item>.private_segment_align</item>
            <item>.privateid</item>
            <item>.privmode</item>
            <item>.proginfo</item>
            <item>.purgem</item>
            <item>.quad</item>
            <item>.rawcode</item>
            <item>.regvar</item>
            <item>.rept</item>
            <item>.reqd_work_group_size</item>
            <item>.reserved_sgprs</item>
            <item>.reserved_vgprs</item>
            <item>.rocm</item>
            <item>.rodata</item>
            <item>.runtime_handle</item>
            <item>.runtime_loader_kernel_symbol</item>
            <item>.rvlin</item>
            <item>.rvlin_once</item>
            <item>.rwdata</item>
            <item>.sampler</item>
            <item>.samplerinit</item>
            <item>.samplerreloc</item>
            <item>.sbttl</item>
            <item>.scope</item>
            <item>.scratchbuffer</item>
            <item>.scratchbuffers</item>
            <item>.scratchsym</item>
            <item>.section</item>
            <item>.segment</item>
            <item>.set</item>
            <item>.setup</item>
            <item>.setupargs</item>
            <item>.sgprsnum</item>
            <item>.short</item>
            <item>.single</item>
            <item>.size</item>
            <item>.skip</item>
            <item>.space</item>
            <item>.spilledsgprs</item>
            <item>.spilledvgprs</item>
            <item>.string</item>
            <item>.string16</item>
            <item>.string32</item>
            <item>.string64</item>
            <item>.struct</item>
            <item>.stub</item>
            <item>.subconstantbuffers</item>
            <item>.target</item>
            <item>.text</item>
            <item>.tgsize</item>
            <item>.title</item>
            <item>.tripple</item>
            <item>.uav</item>
            <item>.uavid</item>
            <item>.uavmailboxsize</item>
            <item>.uavopmask</item>
            <item>.uavprivate</item>
            <item>.undef</item>
            <item>.unusing</item>
            <item>.use_debug_enabled</item>
            <item>.use_dispatch_id</item>
            <item>.use_dispatch_ptr</item>
            <item>.use_dynamic_call_stack</item>
            <item>.use_flat_scratch_init</item>
            <item>.use_grid_workgroup_count</item>
            <item>.use_kernarg_segment_ptr</item>
            <item>.use_ordered_append_gds</item>
            <item>.use_private_segment_buffer</item>
            <item>.use_private_segment_size</item>
            <item>.use_ptr64</item>
            <item>.use_queue_ptr</item>
            <item>.use_xnack_enabled</item>
            <item>.useargs</item>
            <item>.useconstdata</item>
            <item>.useenqueue</item>
            <item>.usegeneric</item>
            <item>.useprintf</item>
            <item>.userdata</item>
            <item>.userdatanum</item>
            <item>.usereg</item>
            <item>.usesetup</item>
            <item>.using</item>
            <item>.vectypehint</item>
            <item>.version</item>
            <item>.vgprsnum</item>
            <item>.warning</item>
            <item>.wavefront_sgpr_count</item>
            <item>.wavefront_size</item>
            <item>.weak</item>
            <item>.while</item>
            <item>.word</item>
            <item>.work_group_size_hint</item>
            <item>.workgroup_fbarrier_count</item>
            <item>.workgroup_group_segment_size</item>
            <item>.workitem_private_segment_size</item>
            <item>.workitem_vgpr_count</item>
        </list>
        <contexts>
            <context attribute="Normal Text" lineEndContext="#stay" name="Normal Text">
                <keyword attribute="Vector Registers" context="#stay" String="Vector Registers"/>
                <keyword attribute="Scalar Registers" context="#stay" String="Scalar Registers"/>
                <keyword attribute="Special Registers" context="#stay" String="Special Registers"/>
                <keyword attribute="Instructions" context="#stay" String="Instructions"/>
                <keyword attribute="PseudoOps" context="#stay" String="PseudoOps"/>
                
                <RegExpr attribute="Label" context="#stay" String="[A-Za-z][A-Za-z_.0-9]*:?"/>
                <RegExpr attribute="Local label" context="#stay" String="_[0-9]+:?"/>
                <DetectChar attribute="Comment" context="Comment1" char="#"/>
                <Detect2Chars attribute="Comment" context="Comment2" char="/" char1="*" beginRegion="Comment"/>
                <RangeDetect attribute="Char" context="#stay" char="'"  char1="'"/>
                <AnyChar attribute="String" context="String" String="&quot;'"/>
                <Detect2Chars attribute="BaseN" context="Number2" char="0" char1="b"/>
                <Detect2Chars attribute="BaseN" context="Number16" char="0" char1="x"/>
                <Float attribute="Float" context="#stay">
                    <StringDetect attribute="Float" context="#stay" String="h"/>
                    <StringDetect attribute="Float" context="#stay" String="s"/>
                    <StringDetect attribute="Float" context="#stay" String="l"/>
                </Float>
                <Int attribute="Number" context="#stay"/>
                <DetectChar attribute="BaseN" context="Number8" char="0"/>
            </context>
            
            <context name="Comment1" attribute="Comment" lineEndContext="#pop"/>
                
            <context name="Comment2" lineEndContext="#stay" attribute="Comment">
                <Detect2Chars attribute="Comment" context="#pop" char="*" char1="/" endRegion="Comment"/>
            </context>
            
            <context name="Number16" attribute="BaseN" lineEndContext="#pop">
                <RegExpr attribute="BaseN" context="#pop" String="[A-Fa-f0-9]+"/>
                <DetectIdentifier context="#pop" />
                <DetectSpaces context="#pop" />
            </context>

            <context name="Number2" attribute="BaseN" lineEndContext="#pop">
                <RegExpr attribute="BaseN" context="#pop" String="[01]+"/>
                <DetectIdentifier context="#pop" />
                <DetectSpaces context="#pop" />
            </context>

            <context name="Number8" attribute="BaseN" lineEndContext="#pop">
                <RegExpr attribute="BaseN" context="#pop" String="[0-7]+"/>
                <DetectIdentifier context="#pop" />
                <DetectSpaces context="#pop" />
            </context>
            
            <context name="String" attribute="String" lineEndContext="#pop">
              <AnyChar attribute="String" context="#pop" String="&quot;"/>
          </context>
        </contexts>
        <itemDatas>
            <itemData name="Normal Text" defStyleNum="dsNormal"/>
            <itemData name="Vector Registers" defStyleNum="dsDataType"/>
            <itemData name="Scalar Registers" defStyleNum="dsDataType"/>
            <itemData name="Special Registers" defStyleNum="dsDataType"/>
            <itemData name="Instructions" bold="true" defStyleNum="dsKeyword"/>
            <itemData name="PseudoOps" bold="true" defStyleNum="dsOthers"/>
            <itemData name="Comment" italic="false" defStyleNum="dsComment"/>
            <itemData name="Label" defStyleNum="dsFunction"/>
            <itemData name="Local label" defStyleNum="dsFunction"/>
            <itemData name="BaseN" defStyleNum="dsBaseN"/>
            <itemData name="Float" defStyleNum="dsFloat"/>
            <itemData name="Number" defStyleNum="dsDecVal"/>
            <itemData name="Char" defStyleNum="dsChar"/>
            <itemData name="String" defStyleNum="dsString"/>
        </itemDatas>
    </highlighting>
    <general>
        <comments>
            <comment name="singleLine" start="#"/>
            <comment name="multiLine" start="/*" end="*/" />
        </comments>
        <keywords casesensitive="0" weakDeliminator="_.$" />
      </general>
</language>
